{"42.0": [{"layer_num": 14, "mlp_ratio": [3.0, 3.0, 3.0, 3.0, 3.0, 3.0, 3.0, 3.0, 3.0, 3.0, 3.0, 3.0, 3.5, 3.0], "num_heads": [9, 9, 9, 9, 9, 9, 9, 9, 9, 9, 9, 9, 9, 9], "embed_dim": [528, 528, 528, 528, 528, 528, 528, 528, 528, 528, 528, 528, 528, 528], "num_params": 41.966944, "score": 5461899.5}], "54.0": [{"layer_num": 14, "mlp_ratio": [3.5, 4.0, 3.5, 3.5, 3.5, 4.0, 3.5, 3.5, 3.5, 3.5, 4.0, 3.0, 3.5, 4.0], "num_heads": [9, 9, 10, 9, 9, 10, 9, 9, 9, 9, 9, 9, 10, 9], "embed_dim": [576, 576, 576, 576, 576, 576, 576, 576, 576, 576, 576, 576, 576, 576], "num_params": 53.876104, "score": 6887513.0}], "66.0": [{"layer_num": 14, "mlp_ratio": [4.0, 4.0, 3.5, 4.0, 4.0, 4.0, 4.0, 4.0, 4.0, 4.0, 4.0, 4.0, 4.0, 4.0], "num_heads": [9, 10, 10, 9, 9, 10, 10, 9, 10, 9, 9, 9, 10, 10], "embed_dim": [624, 624, 624, 624, 624, 624, 624, 624, 624, 624, 624, 624, 624, 624], "num_params": 65.916448, "score": 8251315.0}]}