{"18.0": [{"layer_num": 13, "mlp_ratio": [4.0, 4.0, 3.5, 4.0, 3.5, 4.0, 4.0, 3.5, 4.0, 4.0, 3.5, 4.0, 4.0], "num_heads": [7, 7, 7, 7, 7, 7, 7, 7, 6, 7, 5, 6, 5], "embed_dim": [320, 320, 320, 320, 320, 320, 320, 320, 320, 320, 320, 320, 320], "num_params": 17.9914, "score": 2764111.5}], "23.0": [{"layer_num": 13, "mlp_ratio": [4.0, 4.0, 3.5, 4.0, 3.5, 4.0, 3.5, 3.5, 4.0, 4.0, 3.0, 4.0, 3.5], "num_heads": [7, 7, 7, 7, 5, 7, 7, 5, 6, 5, 5, 6, 5], "embed_dim": [384, 384, 384, 384, 384, 384, 384, 384, 384, 384, 384, 384, 384], "num_params": 22.989928, "score": 3528041.5}], "28.0": [{"layer_num": 13, "mlp_ratio": [4.0, 4.0, 3.0, 4.0, 3.0, 3.5, 3.0, 3.0, 4.0, 3.0, 3.0, 4.0, 3.0], "num_heads": [7, 7, 7, 7, 5, 7, 7, 5, 6, 5, 5, 6, 5], "embed_dim": [448, 448, 448, 448, 448, 448, 448, 448, 448, 448, 448, 448, 448], "num_params": 27.976008, "score": 4264070.0}], "33.0": [{"layer_num": 14, "mlp_ratio": [4.0, 4.0, 3.5, 4.0, 3.5, 4.0, 4.0, 3.5, 4.0, 4.0, 3.5, 4.0, 4.0, 3.5], "num_heads": [7, 7, 7, 7, 7, 7, 7, 7, 5, 7, 5, 6, 5, 7], "embed_dim": [448, 448, 448, 448, 448, 448, 448, 448, 448, 448, 448, 448, 448, 448], "num_params": 32.98164, "score": 4739829.0}]}