{
  "6.0": [
    {
      "layer_num": 12,
      "mlp_ratio": [
        4,
        4,
        4,
        4,
        4,
        3.5,
        3.5,
        4,
        4,
        3.5,
        4,
        4
      ],
      "num_heads": [
        4,
        4,
        4,
        4,
        3,
        3,
        3,
        3,
        3,
        4,
        3,
        4
      ],
      "embed_dim": [
        192,
        192,
        192,
        192,
        192,
        192,
        192,
        192,
        192,
        192,
        192,
        192
      ],
      "num_params": 5.99476,
      "score": 1010076.75
    }
  ],
  "7.0": [
    {
      "layer_num": 12,
      "mlp_ratio": [
        4,
        3.5,
        4,
        3.5,
        3.5,
        3.5,
        3.5,
        3.5,
        3.5,
        3.5,
        3.5,
        3.5
      ],
      "num_heads": [
        4,
        4,
        4,
        4,
        4,
        3,
        3,
        3,
        4,
        4,
        3,
        4
      ],
      "embed_dim": [
        216,
        216,
        216,
        216,
        216,
        216,
        216,
        216,
        216,
        216,
        216,
        216
      ],
      "num_params": 6.997192,
      "score": 1156532.875
    }
  ],
  "8.0": [
    {
      "layer_num": 12,
      "mlp_ratio": [
        4,
        3.5,
        4,
        4,
        3.5,
        3.5,
        3.5,
        4,
        4,
        3.5,
        4,
        3.5
      ],
      "num_heads": [
        3,
        3,
        3,
        3,
        3,
        3,
        3,
        3,
        3,
        3,
        3,
        3
      ],
      "embed_dim": [
        240,
        240,
        240,
        240,
        240,
        240,
        240,
        240,
        240,
        240,
        240,
        240
      ],
      "num_params": 7.996552,
      "score": 1308445.75
    }
  ],
  "9.0": [
    {
      "layer_num": 12,
      "mlp_ratio": [
        4,
        4,
        4,
        4,
        4,
        3.5,
        4,
        4,
        4,
        3.5,
        4,
        4
      ],
      "num_heads": [
        4,
        4,
        4,
        4,
        4,
        4,
        4,
        4,
        4,
        4,
        4,
        4
      ],
      "embed_dim": [
        240,
        240,
        240,
        240,
        240,
        240,
        240,
        240,
        240,
        240,
        240,
        240
      ],
      "num_params": 8.967016,
      "score": 1426972.25
    }
  ],
  "10.0": [
    {
      "layer_num": 14,
      "mlp_ratio": [
        4,
        4,
        4,
        4,
        4,
        3.5,
        3.5,
        4,
        4,
        3.5,
        4,
        3.5,
        4,
        4
      ],
      "num_heads": [
        4,
        4,
        4,
        4,
        4,
        3,
        3,
        3,
        4,
        4,
        3,
        4,
        3,
        4
      ],
      "embed_dim": [
        240,
        240,
        240,
        240,
        240,
        240,
        240,
        240,
        240,
        240,
        240,
        240,
        240,
        240
      ],
      "num_params": 9.978232,
      "score": 1525250.25
    }
  ],
  "11.0": [
    {
      "layer_num": 14,
      "mlp_ratio": [
        4,
        4,
        4,
        4,
        4,
        4,
        4,
        4,
        4,
        4,
        4,
        4,
        4,
        4
      ],
      "num_heads": [
        4,
        4,
        4,
        4,
        4,
        4,
        4,
        4,
        4,
        4,
        4,
        4,
        4,
        4
      ],
      "embed_dim": [
        240,
        240,
        240,
        240,
        240,
        240,
        240,
        240,
        240,
        240,
        240,
        240,
        240,
        240
      ],
      "num_params": 10.517272,
      "score": 1581370.75
    }
  ]
}